Strain	novel	first_tp2_flag	tp2_h	tp2_cl	tp2_cl_size	last_tp2_flag	tp1_id	tp1_h	tp1_cl	tp1_cl_size	first_tp1_flag	last_tp1_flag	add_TP1	num_novs	actual_size_change	actual_growth_rate	new_growth
Anhui/SZ005/2020	0	TP2_h0_c01	h0	c01	28	TP2_h1_c01	TP1_h0_c01	h0	c01	28	TP1_h0_c01	TP1_h1_c01	0	0	0	0	1
Beijing/BJ561/2020	0	TP2_h0_c01	h0	c01	28	TP2_h1_c01	TP1_h0_c01	h0	c01	28	TP1_h0_c01	TP1_h1_c01	0	0	0	0	1
Beijing/Wuhan_IME-BJ03/2020	0	TP2_h0_c01	h0	c01	28	TP2_h1_c01	TP1_h0_c01	h0	c01	28	TP1_h0_c01	TP1_h1_c01	0	0	0	0	1
Ganzhou/JX81/2020	0	TP2_h0_c01	h0	c01	28	TP2_h1_c01	TP1_h0_c01	h0	c01	28	TP1_h0_c01	TP1_h1_c01	0	0	0	0	1
Guangdong/2020XN4243-P0035/2020	0	TP2_h0_c01	h0	c01	28	TP2_h1_c01	TP1_h0_c01	h0	c01	28	TP1_h0_c01	TP1_h1_c01	0	0	0	0	1
Guangdong/20SF2546/2020	0	TP2_h0_c01	h0	c01	28	TP2_h1_c01	TP1_h0_c01	h0	c01	28	TP1_h0_c01	TP1_h1_c01	0	0	0	0	1
Guangdong/GDSZ202009-P0032/2020	0	TP2_h0_c01	h0	c01	28	TP2_h1_c01	TP1_h0_c01	h0	c01	28	TP1_h0_c01	TP1_h1_c01	0	0	0	0	1
Jiujiang/JX22/2020	0	TP2_h0_c01	h0	c01	28	TP2_h1_c01	TP1_h0_c01	h0	c01	28	TP1_h0_c01	TP1_h1_c01	0	0	0	0	1
Lishui/LS557/2020	0	TP2_h0_c01	h0	c01	28	TP2_h1_c01	TP1_h0_c01	h0	c01	28	TP1_h0_c01	TP1_h1_c01	0	0	0	0	1
Shandong/2020C1240111/2020	0	TP2_h0_c01	h0	c01	28	TP2_h1_c01	TP1_h0_c01	h0	c01	28	TP1_h0_c01	TP1_h1_c01	0	0	0	0	1
Shandong/2020C1240152/2020	0	TP2_h0_c01	h0	c01	28	TP2_h1_c01	TP1_h0_c01	h0	c01	28	TP1_h0_c01	TP1_h1_c01	0	0	0	0	1
Shandong/2020C1240303/2020	0	TP2_h0_c01	h0	c01	28	TP2_h1_c01	TP1_h0_c01	h0	c01	28	TP1_h0_c01	TP1_h1_c01	0	0	0	0	1
Shandong/2020C1240367/2020	0	TP2_h0_c01	h0	c01	28	TP2_h1_c01	TP1_h0_c01	h0	c01	28	TP1_h0_c01	TP1_h1_c01	0	0	0	0	1
Shandong/2020C1240470/2020	0	TP2_h0_c01	h0	c01	28	TP2_h1_c01	TP1_h0_c01	h0	c01	28	TP1_h0_c01	TP1_h1_c01	0	0	0	0	1
Shanghai/SH0003/2020	0	TP2_h0_c01	h0	c01	28	TP2_h1_c01	TP1_h0_c01	h0	c01	28	TP1_h0_c01	TP1_h1_c01	0	0	0	0	1
Shanghai/SH0013/2020	0	TP2_h0_c01	h0	c01	28	TP2_h1_c01	TP1_h0_c01	h0	c01	28	TP1_h0_c01	TP1_h1_c01	0	0	0	0	1
Shanghai/SH0029/2020	0	TP2_h0_c01	h0	c01	28	TP2_h1_c01	TP1_h0_c01	h0	c01	28	TP1_h0_c01	TP1_h1_c01	0	0	0	0	1
Shanghai/SH0079/2020	0	TP2_h0_c01	h0	c01	28	TP2_h1_c01	TP1_h0_c01	h0	c01	28	TP1_h0_c01	TP1_h1_c01	0	0	0	0	1
Shanghai/SH0100/2020	0	TP2_h0_c01	h0	c01	28	TP2_h1_c01	TP1_h0_c01	h0	c01	28	TP1_h0_c01	TP1_h1_c01	0	0	0	0	1
Shangrao/JX105/2020	0	TP2_h0_c01	h0	c01	28	TP2_h1_c01	TP1_h0_c01	h0	c01	28	TP1_h0_c01	TP1_h1_c01	0	0	0	0	1
Shaoxing/01/2020	0	TP2_h0_c01	h0	c01	28	TP2_h1_c01	TP1_h0_c01	h0	c01	28	TP1_h0_c01	TP1_h1_c01	0	0	0	0	1
Shaoxing/03/2020	0	TP2_h0_c01	h0	c01	28	TP2_h1_c01	TP1_h0_c01	h0	c01	28	TP1_h0_c01	TP1_h1_c01	0	0	0	0	1
Sichuan/SC-PHCC2-050/2020	0	TP2_h0_c01	h0	c01	28	TP2_h1_c01	TP1_h0_c01	h0	c01	28	TP1_h0_c01	TP1_h1_c01	0	0	0	0	1
Wuhan/0126-C10/2020	0	TP2_h0_c01	h0	c01	28	TP2_h1_c01	TP1_h0_c01	h0	c01	28	TP1_h0_c01	TP1_h1_c01	0	0	0	0	1
Wuhan/0126-C106/2020	0	TP2_h0_c01	h0	c01	28	TP2_h1_c01	TP1_h0_c01	h0	c01	28	TP1_h0_c01	TP1_h1_c01	0	0	0	0	1
Wuhan/0126-C109/2020	0	TP2_h0_c01	h0	c01	28	TP2_h1_c01	TP1_h0_c01	h0	c01	28	TP1_h0_c01	TP1_h1_c01	0	0	0	0	1
Wuhan/HBCDC-HB-06/2020	0	TP2_h0_c01	h0	c01	28	TP2_h1_c01	TP1_h0_c01	h0	c01	28	TP1_h0_c01	TP1_h1_c01	0	0	0	0	1
Zhejiang/CN2/2020	0	TP2_h0_c01	h0	c01	28	TP2_h1_c01	TP1_h0_c01	h0	c01	28	TP1_h0_c01	TP1_h1_c01	0	0	0	0	1
Beijing/BJ252/2020	0	TP2_h0_c02	h0	c02	43	TP2_h0_c02	TP1_h0_c02	h0	c02	39	TP1_h0_c02	TP1_h0_c02	0	4	4	0.103	1.103
Beijing/DT-travelUSA01/2020	0	TP2_h0_c02	h0	c02	43	TP2_h0_c02	TP1_h0_c02	h0	c02	39	TP1_h0_c02	TP1_h0_c02	0	4	4	0.103	1.103
Beijing/DT-WH01/2020	0	TP2_h0_c02	h0	c02	43	TP2_h0_c02	TP1_h0_c02	h0	c02	39	TP1_h0_c02	TP1_h0_c02	0	4	4	0.103	1.103
Guangdong/20SF812/2020	0	TP2_h0_c02	h0	c02	43	TP2_h0_c02	TP1_h0_c02	h0	c02	39	TP1_h0_c02	TP1_h0_c02	0	4	4	0.103	1.103
Guangdong/GD2020134-P0031/2020	0	TP2_h0_c02	h0	c02	43	TP2_h0_c02	TP1_h0_c02	h0	c02	39	TP1_h0_c02	TP1_h0_c02	0	4	4	0.103	1.103
Guangdong/GDFS2020127-P0026/2020	0	TP2_h0_c02	h0	c02	43	TP2_h0_c02	TP1_h0_c02	h0	c02	39	TP1_h0_c02	TP1_h0_c02	0	4	4	0.103	1.103
Guangzhou/20SF206/2020	0	TP2_h0_c02	h0	c02	43	TP2_h0_c02	TP1_h0_c02	h0	c02	39	TP1_h0_c02	TP1_h0_c02	0	4	4	0.103	1.103
Guangzhou/GZMU0009/2020	0	TP2_h0_c02	h0	c02	43	TP2_h0_c02	TP1_h0_c02	h0	c02	39	TP1_h0_c02	TP1_h0_c02	0	4	4	0.103	1.103
Hangzhou/HZ162/2020	0	TP2_h0_c02	h0	c02	43	TP2_h0_c02	TP1_h0_c02	h0	c02	39	TP1_h0_c02	TP1_h0_c02	0	4	4	0.103	1.103
Lu-an/226/2020	0	TP2_h0_c02	h0	c02	43	TP2_h0_c02	TP1_h0_c02	h0	c02	39	TP1_h0_c02	TP1_h0_c02	0	4	4	0.103	1.103
Shanghai/SH0066/2020	0	TP2_h0_c02	h0	c02	43	TP2_h0_c02	TP1_h0_c02	h0	c02	39	TP1_h0_c02	TP1_h0_c02	0	4	4	0.103	1.103
Shanghai/SH0071/2020	0	TP2_h0_c02	h0	c02	43	TP2_h0_c02	TP1_h0_c02	h0	c02	39	TP1_h0_c02	TP1_h0_c02	0	4	4	0.103	1.103
Shanghai/SH0072/2020	0	TP2_h0_c02	h0	c02	43	TP2_h0_c02	TP1_h0_c02	h0	c02	39	TP1_h0_c02	TP1_h0_c02	0	4	4	0.103	1.103
Shanghai/SH0076/2020	0	TP2_h0_c02	h0	c02	43	TP2_h0_c02	TP1_h0_c02	h0	c02	39	TP1_h0_c02	TP1_h0_c02	0	4	4	0.103	1.103
Shanghai/SH0077/2020	0	TP2_h0_c02	h0	c02	43	TP2_h0_c02	TP1_h0_c02	h0	c02	39	TP1_h0_c02	TP1_h0_c02	0	4	4	0.103	1.103
Shanghai/SH0088/2020	0	TP2_h0_c02	h0	c02	43	TP2_h0_c02	TP1_h0_c02	h0	c02	39	TP1_h0_c02	TP1_h0_c02	0	4	4	0.103	1.103
Shanghai/SH0094/2020	0	TP2_h0_c02	h0	c02	43	TP2_h0_c02	TP1_h0_c02	h0	c02	39	TP1_h0_c02	TP1_h0_c02	0	4	4	0.103	1.103
Shangrao/JX1974/2020	0	TP2_h0_c02	h0	c02	43	TP2_h0_c02	TP1_h0_c02	h0	c02	39	TP1_h0_c02	TP1_h0_c02	0	4	4	0.103	1.103
Sichuan/SC-NC-077/2020	0	TP2_h0_c02	h0	c02	43	TP2_h0_c02	TP1_h0_c02	h0	c02	39	TP1_h0_c02	TP1_h0_c02	0	4	4	0.103	1.103
Sichuan/SC-PHCC2-041/2020	0	TP2_h0_c02	h0	c02	43	TP2_h0_c02	TP1_h0_c02	h0	c02	39	TP1_h0_c02	TP1_h0_c02	0	4	4	0.103	1.103
Sichuan/SC-PHCC2-049/2020	0	TP2_h0_c02	h0	c02	43	TP2_h0_c02	TP1_h0_c02	h0	c02	39	TP1_h0_c02	TP1_h0_c02	0	4	4	0.103	1.103
Sichuan/SC-WCH-081/2020	0	TP2_h0_c02	h0	c02	43	TP2_h0_c02	TP1_h0_c02	h0	c02	39	TP1_h0_c02	TP1_h0_c02	0	4	4	0.103	1.103
Sichuan/SC-WCH-310/2020	0	TP2_h0_c02	h0	c02	43	TP2_h0_c02	TP1_h0_c02	h0	c02	39	TP1_h0_c02	TP1_h0_c02	0	4	4	0.103	1.103
Sichuan/SC-WCH4-286/2020	0	TP2_h0_c02	h0	c02	43	TP2_h0_c02	TP1_h0_c02	h0	c02	39	TP1_h0_c02	TP1_h0_c02	0	4	4	0.103	1.103
Sichuan/SC-YB-086/2020	0	TP2_h0_c02	h0	c02	43	TP2_h0_c02	TP1_h0_c02	h0	c02	39	TP1_h0_c02	TP1_h0_c02	0	4	4	0.103	1.103
Wuhan/0125-A148/2020	0	TP2_h0_c02	h0	c02	43	TP2_h0_c02	TP1_h0_c02	h0	c02	39	TP1_h0_c02	TP1_h0_c02	0	4	4	0.103	1.103
Wuhan/0125-A168/2020	0	TP2_h0_c02	h0	c02	43	TP2_h0_c02	TP1_h0_c02	h0	c02	39	TP1_h0_c02	TP1_h0_c02	0	4	4	0.103	1.103
Wuhan/HB-WH1-139/2020	0	TP2_h0_c02	h0	c02	43	TP2_h0_c02	TP1_h0_c02	h0	c02	39	TP1_h0_c02	TP1_h0_c02	0	4	4	0.103	1.103
Wuhan/HB-WH1-141/2020	0	TP2_h0_c02	h0	c02	43	TP2_h0_c02	TP1_h0_c02	h0	c02	39	TP1_h0_c02	TP1_h0_c02	0	4	4	0.103	1.103
Wuhan/HB-WH2-152/2020	0	TP2_h0_c02	h0	c02	43	TP2_h0_c02	TP1_h0_c02	h0	c02	39	TP1_h0_c02	TP1_h0_c02	0	4	4	0.103	1.103
Wuhan/HB-WH2-155/2020	0	TP2_h0_c02	h0	c02	43	TP2_h0_c02	TP1_h0_c02	h0	c02	39	TP1_h0_c02	TP1_h0_c02	0	4	4	0.103	1.103
Wuhan/HB-WH2-163/2020	0	TP2_h0_c02	h0	c02	43	TP2_h0_c02	TP1_h0_c02	h0	c02	39	TP1_h0_c02	TP1_h0_c02	0	4	4	0.103	1.103
Wuhan/HB-WH3-173/2020	0	TP2_h0_c02	h0	c02	43	TP2_h0_c02	TP1_h0_c02	h0	c02	39	TP1_h0_c02	TP1_h0_c02	0	4	4	0.103	1.103
Wuhan/HB-WH3-177/2020	0	TP2_h0_c02	h0	c02	43	TP2_h0_c02	TP1_h0_c02	h0	c02	39	TP1_h0_c02	TP1_h0_c02	0	4	4	0.103	1.103
Wuhan/HB-WH3-185/2020	0	TP2_h0_c02	h0	c02	43	TP2_h0_c02	TP1_h0_c02	h0	c02	39	TP1_h0_c02	TP1_h0_c02	0	4	4	0.103	1.103
Wuhan/HB-WH5-239/2020	0	TP2_h0_c02	h0	c02	43	TP2_h0_c02	TP1_h0_c02	h0	c02	39	TP1_h0_c02	TP1_h0_c02	0	4	4	0.103	1.103
Wuhan/HB-WHCM-112/2020	0	TP2_h0_c02	h0	c02	43	TP2_h0_c02	TP1_h0_c02	h0	c02	39	TP1_h0_c02	TP1_h0_c02	0	4	4	0.103	1.103
Wuhan/HB-WHCM2-279/2020	0	TP2_h0_c02	h0	c02	43	TP2_h0_c02	TP1_h0_c02	h0	c02	39	TP1_h0_c02	TP1_h0_c02	0	4	4	0.103	1.103
Wuhan/HB-WHCM2-280/2020	0	TP2_h0_c02	h0	c02	43	TP2_h0_c02	TP1_h0_c02	h0	c02	39	TP1_h0_c02	TP1_h0_c02	0	4	4	0.103	1.103
Beijing/DT-travelES02/2020	0	TP2_h0_c03	h0	c03	1	TP2_h4_c03	TP1_h0_c03	h0	c03	1	TP1_h0_c03	TP1_h4_c03	0	0	0	0	1
Beijing/DT-travelIT01/2020	0	TP2_h0_c04	h0	c04	2	TP2_h1_c04	TP1_h0_c04	h0	c04	1	TP1_h0_c04	TP1_h1_c04	0	1	1	1	2
Fujian/IM3520001T/2020	0	TP2_h0_c05	h0	c05	2	TP2_h0_c05	TP1_h0_c05	h0	c05	1	TP1_h0_c05	TP1_h1_c05	0	1	1	1	2
Fujian/IM3520002T/2020	0	TP2_h0_c06	h0	c06	1	TP2_h2_c05	TP1_h0_c06	h0	c06	1	TP1_h0_c06	TP1_h3_c05	0	0	0	0	1
Fuzhou/JX2012/2020	0	TP2_h0_c08	h0	c08	2	TP2_h4_c05	TP1_h0_c07	h0	c07	2	TP1_h0_c07	TP1_h4_c05	0	0	0	0	1
Shanghai/CH-03/2020	0	TP2_h0_c08	h0	c08	2	TP2_h4_c05	TP1_h0_c07	h0	c07	2	TP1_h0_c07	TP1_h4_c05	0	0	0	0	1
Guangdong/20SF156/2020	0	TP2_h0_c09	h0	c09	19	TP2_h0_c09	TP1_h0_c08	h0	c08	16	TP1_h0_c08	TP1_h0_c08	0	3	3	0.188	1.188
Guangdong/GD2020087-P0008/2020	0	TP2_h0_c09	h0	c09	19	TP2_h0_c09	TP1_h0_c08	h0	c08	16	TP1_h0_c08	TP1_h0_c08	0	3	3	0.188	1.188
Hangzhou/HZCDC0012/2020	0	TP2_h0_c09	h0	c09	19	TP2_h0_c09	TP1_h0_c08	h0	c08	16	TP1_h0_c08	TP1_h0_c08	0	3	3	0.188	1.188
Henan/fahzu0036/2020	0	TP2_h0_c09	h0	c09	19	TP2_h0_c09	TP1_h0_c08	h0	c08	16	TP1_h0_c08	TP1_h0_c08	0	3	3	0.188	1.188
Shandong/IVDC-SD-001/2020	0	TP2_h0_c09	h0	c09	19	TP2_h0_c09	TP1_h0_c08	h0	c08	16	TP1_h0_c08	TP1_h0_c08	0	3	3	0.188	1.188
Shanghai/SH0040/2020	0	TP2_h0_c09	h0	c09	19	TP2_h0_c09	TP1_h0_c08	h0	c08	16	TP1_h0_c08	TP1_h0_c08	0	3	3	0.188	1.188
Shanghai/SH0068/2020	0	TP2_h0_c09	h0	c09	19	TP2_h0_c09	TP1_h0_c08	h0	c08	16	TP1_h0_c08	TP1_h0_c08	0	3	3	0.188	1.188
Sichuan/SC-GA-065/2020	0	TP2_h0_c09	h0	c09	19	TP2_h0_c09	TP1_h0_c08	h0	c08	16	TP1_h0_c08	TP1_h0_c08	0	3	3	0.188	1.188
Wuhan/0126-C100/2020	0	TP2_h0_c09	h0	c09	19	TP2_h0_c09	TP1_h0_c08	h0	c08	16	TP1_h0_c08	TP1_h0_c08	0	3	3	0.188	1.188
Wuhan/HB-WH2-146/2020	0	TP2_h0_c09	h0	c09	19	TP2_h0_c09	TP1_h0_c08	h0	c08	16	TP1_h0_c08	TP1_h0_c08	0	3	3	0.188	1.188
Wuhan/HB-WH3-191/2020	0	TP2_h0_c09	h0	c09	19	TP2_h0_c09	TP1_h0_c08	h0	c08	16	TP1_h0_c08	TP1_h0_c08	0	3	3	0.188	1.188
Wuhan/HB-WH4-200/2020	0	TP2_h0_c09	h0	c09	19	TP2_h0_c09	TP1_h0_c08	h0	c08	16	TP1_h0_c08	TP1_h0_c08	0	3	3	0.188	1.188
Wuhan/HB-WHCM-099/2020	0	TP2_h0_c09	h0	c09	19	TP2_h0_c09	TP1_h0_c08	h0	c08	16	TP1_h0_c08	TP1_h0_c08	0	3	3	0.188	1.188
Wuhan/HB-WHCM-102/2020	0	TP2_h0_c09	h0	c09	19	TP2_h0_c09	TP1_h0_c08	h0	c08	16	TP1_h0_c08	TP1_h0_c08	0	3	3	0.188	1.188
Wuhan/HB-WHCM-108/2020	0	TP2_h0_c09	h0	c09	19	TP2_h0_c09	TP1_h0_c08	h0	c08	16	TP1_h0_c08	TP1_h0_c08	0	3	3	0.188	1.188
Wuhan/HB-WHCM-109/2020	0	TP2_h0_c09	h0	c09	19	TP2_h0_c09	TP1_h0_c08	h0	c08	16	TP1_h0_c08	TP1_h0_c08	0	3	3	0.188	1.188
Guangzhou/GZMU0037/2020	0	TP2_h0_c10	h0	c10	2	TP2_h1_c09	TP1_h0_c09	h0	c09	1	TP1_h0_c09	TP1_h1_c08	0	1	1	1	2
Hangzhou/HZCDC6789/2020	0	TP2_h0_c11	h0	c11	1	TP2_h0_c11	TP1_h0_c10	h0	c10	1	TP1_h0_c10	TP1_h0_c10	0	0	0	0	1
Hangzhou/ZJU-02/2020	0	TP2_h0_c13	h0	c13	1	TP2_h1_c11	TP1_h0_c11	h0	c11	1	TP1_h0_c11	TP1_h1_c09	0	0	0	0	1
Shandong/LY004-2/2020	0	TP2_h0_c15	h0	c15	3	TP2_h1_c12	TP1_h0_c12	h0	c12	3	TP1_h0_c12	TP1_h1_c10	0	0	0	0	1
Shanghai/SH0009/2020	0	TP2_h0_c15	h0	c15	3	TP2_h1_c12	TP1_h0_c12	h0	c12	3	TP1_h0_c12	TP1_h1_c10	0	0	0	0	1
Wuhan/WHUH008/2020	0	TP2_h0_c15	h0	c15	3	TP2_h1_c12	TP1_h0_c12	h0	c12	3	TP1_h0_c12	TP1_h1_c10	0	0	0	0	1
Shanghai/SH0023/2020	0	TP2_h0_c16	h0	c16	3	TP2_h4_c06	TP1_h0_c13	h0	c13	3	TP1_h0_c13	TP1_h4_c06	0	0	0	0	1
Shanghai/SH0081/2020	0	TP2_h0_c16	h0	c16	3	TP2_h4_c06	TP1_h0_c13	h0	c13	3	TP1_h0_c13	TP1_h4_c06	0	0	0	0	1
Wuhan/HBCDC-HB-05/2020	0	TP2_h0_c16	h0	c16	3	TP2_h4_c06	TP1_h0_c13	h0	c13	3	TP1_h0_c13	TP1_h4_c06	0	0	0	0	1
Fujian/IM3520008T/2020	1	TP2_h0_c07	h0	c07	1	TP2_h2_c06	NA	NA	NA	0	NA	NA	0	1	1	Inf	Inf
Hangzhou/HZCDCp145/2020	1	TP2_h0_c12	h0	c12	1	TP2_h2_c08	NA	NA	NA	0	NA	NA	0	1	1	Inf	Inf
NanChang/JX216/2020	1	TP2_h0_c14	h0	c14	1	TP2_h0_c14	NA	NA	NA	0	NA	NA	0	1	1	Inf	Inf
Beijing/DT-travelUK02/2020	1	TP2_h0_c02	h0	c02	43	TP2_h0_c02	NA	NA	NA	39	NA	NA	0	4	4	0.103	1.103
Wuhan/HB-WH4-206/2020	1	TP2_h0_c02	h0	c02	43	TP2_h0_c02	NA	NA	NA	39	NA	NA	0	4	4	0.103	1.103
Wuhan/HB-WH5-221/2020	1	TP2_h0_c02	h0	c02	43	TP2_h0_c02	NA	NA	NA	39	NA	NA	0	4	4	0.103	1.103
Wuhan/HB-WH6-244/2020	1	TP2_h0_c02	h0	c02	43	TP2_h0_c02	NA	NA	NA	39	NA	NA	0	4	4	0.103	1.103
Hangzhou/HZCDC7363/2020	1	TP2_h0_c04	h0	c04	2	TP2_h1_c04	NA	NA	NA	1	NA	NA	0	1	1	1	2
Beijing/DT-travelUSA02/2020	1	TP2_h0_c05	h0	c05	2	TP2_h0_c05	NA	NA	NA	1	NA	NA	0	1	1	1	2
Lu-an/235/2020	1	TP2_h0_c09	h0	c09	19	TP2_h0_c09	NA	NA	NA	16	NA	NA	0	3	3	0.188	1.188
Wuhan/HB-WH4-212/2020	1	TP2_h0_c09	h0	c09	19	TP2_h0_c09	NA	NA	NA	16	NA	NA	0	3	3	0.188	1.188
Wuhan/HB-WH5-236/2020	1	TP2_h0_c09	h0	c09	19	TP2_h0_c09	NA	NA	NA	16	NA	NA	0	3	3	0.188	1.188
Hangzhou/HZCDC7155/2020	1	TP2_h0_c10	h0	c10	2	TP2_h1_c09	NA	NA	NA	1	NA	NA	0	1	1	1	2
